{
  "selected_zcols": [
    "hydro_kd_z",
    "vol_zam_z",
    "polarity_gr_z",
    "pI_z",
    "sc_pka_z",
    "charge_pH7_z",
    "donors_z",
    "acceptors_z",
    "arom_z",
    "ring_count_z",
    "rotb_z",
    "bulkiness_z",
    "cf_alpha_z",
    "cf_beta_z",
    "cf_turn_z",
    "acc_pref_z",
    "flex_z",
    "helical_moment_z",
    "beta_moment_z",
    "sc_mass_z"
  ],
  "pca_cols": [
    "pca1",
    "pca2",
    "pca3",
    "pca4",
    "pca5",
    "pca6",
    "pca7",
    "pca8"
  ],
  "var_explained": 0.9710243546647003,
  "mu": {
    "hydro_kd": -0.48999999999999994,
    "vol_zam": 141.26,
    "polarity_gr": 8.325,
    "pI": 6.035,
    "sc_pka": 4.075,
    "charge_pH7": 0.0050000000000000044,
    "donors": 0.65,
    "acceptors": 0.65,
    "arom": 0.2,
    "ring_count": 0.3,
    "rotb": 1.9,
    "refractivity": 2.286,
    "bulkiness": 15.315000000000001,
    "cf_alpha": 0.9999999999999998,
    "cf_beta": 1.0285,
    "cf_turn": 0.9884999999999999,
    "acc_pref": 0.5329999999999999,
    "flex": 0.487,
    "helical_moment": 0.1345,
    "beta_moment": 0.095,
    "hphob_fr": 0.465,
    "sc_mass": 62.9
  },
  "sd": {
    "hydro_kd": 2.9869717106126066,
    "vol_zam": 41.39460173297454,
    "polarity_gr": 2.6905047462276825,
    "pI": 1.7679232538713177,
    "sc_pka": 5.1917824745609185,
    "charge_pH7": 0.45937600698063635,
    "donors": 0.9880869341680842,
    "acceptors": 0.4893604849295929,
    "arom": 0.41039134083406165,
    "ring_count": 0.5712405705774793,
    "rotb": 1.1652874052533588,
    "refractivity": 0.7006342990837885,
    "bulkiness": 4.518881440543026,
    "cf_alpha": 0.28108811130282524,
    "cf_beta": 0.3682858586535879,
    "cf_turn": 0.38932160971293855,
    "acc_pref": 0.21024046383029826,
    "flex": 0.06649891174416235,
    "helical_moment": 0.07067159036140708,
    "beta_moment": 0.02417044737516849,
    "hphob_fr": 0.30809260398714367,
    "sc_mass": 30.886720021462466
  }
}