{
  "n_random": 1000000,
  "workers": 32,
  "seed": 1234,
  "n_bases": 3,
  "features": [
    "pca1",
    "pca2",
    "pca3",
    "pca4",
    "pca5",
    "pca6",
    "pca7",
    "pca8"
  ],
  "E_sgc": 6553.352837068739,
  "N_sgc": 2.1284145042221994,
  "count_le_E": 0,
  "count_le_N": 0,
  "percentile_E": 9.99999000001e-07,
  "percentile_N": 9.99999000001e-07,
  "ci95_E": [
    4.235164736271502e-22,
    3.841444063944942e-06
  ],
  "ci95_N": [
    4.235164736271502e-22,
    3.841444063944942e-06
  ]
}