{
  "mode": "n=4",
  "raa": null,
  "n_random": 1000000,
  "workers": 32,
  "seed": 2025,
  "features": [
    "pca1",
    "pca2",
    "pca3",
    "pca4",
    "pca5",
    "pca6",
    "pca7",
    "pca8"
  ],
  "E_sgc": 26213.41134827498,
  "N_sgc": 1.729802410230818,
  "count_le_E": 0,
  "count_le_N": 0,
  "percentile_E": 9.99999000001e-07,
  "percentile_N": 9.99999000001e-07,
  "ci95_E": [
    0.0,
    3.841585242166133e-06
  ],
  "ci95_N": [
    0.0,
    3.841585242166133e-06
  ]
}