{
  "E_sgc": 1875.9361256333825,
  "N_sgc": 1.1194109343278624,
  "percentile_deg_E": 9.99990000099999e-06,
  "percentile_deg_Noise": 9.99990000099999e-06,
  "n_random": 100000
}