{
  "mode": "n=2",
  "raa": "raa10",
  "n_random": 1000000,
  "workers": 32,
  "seed": 2025,
  "features": "class-centroids",
  "E_sgc": 1213.6711168353852,
  "N_sgc": 4.3368341173935345,
  "count_le_E": 1273,
  "count_le_N": 182,
  "percentile_E": 0.001273998726001274,
  "percentile_N": 0.000182999817000183,
  "ci95_E": [
    0.0012050032189234326,
    0.0013448285856427066
  ],
  "ci95_N": [
    0.00015741107566104618,
    0.0002104291112440918
  ]
}