{
  "timestamp": "2026-03-14 22:21:37.372015",
  "n_null": 1000000,
  "n_sensitivity": 100000,
  "A_10AA_n2": {
    "n_bases": 2,
    "n_sense": 16,
    "n_classes": 9,
    "D": {
      "sgc": 18.937298834660997,
      "null_mean": 21.777672144294673,
      "null_std": 0.7467058691126759,
      "null_min": 18.302537881762913,
      "null_max": 24.323221247031377,
      "null_cv": 0.03428768071101201,
      "z_score": -3.8038716811064357,
      "count_le": 82,
      "n_null": 1000000,
      "percentile": 8.2999917000083e-05
    },
    "E": {
      "sgc": 621.9282515390424,
      "null_mean": 712.7044006623943,
      "null_std": 27.303491003212734,
      "null_min": 585.3293216266476,
      "null_max": 807.398682282611,
      "null_cv": 0.03830969891281239,
      "z_score": -3.3247085185066787,
      "count_le": 457,
      "n_null": 1000000,
      "percentile": 0.000457999542000458
    },
    "DE_correlation": 0.9321270010987771
  },
  "B_20AA_n3": {
    "n_bases": 3,
    "n_sense": 61,
    "n_classes": 20,
    "D": {
      "sgc": 23.922359743253224,
      "null_mean": 32.82289449931623,
      "null_std": 0.5374593938296507,
      "null_min": 29.873707206119693,
      "null_max": 35.10438833065477,
      "null_cv": 0.016374527659065753,
      "z_score": -16.56038550678687,
      "count_le": 0,
      "n_null": 1000000,
      "percentile": 9.99999000001e-07
    },
    "E": {
      "sgc": 2984.675406924604,
      "null_mean": 4243.238919422108,
      "null_std": 86.17643607631315,
      "null_min": 3791.5574734660827,
      "null_max": 4611.765138503517,
      "null_cv": 0.020309117094931255,
      "z_score": -14.60449712010588,
      "count_le": 0,
      "n_null": 1000000,
      "percentile": 9.99999000001e-07
    },
    "DE_correlation": 0.958580773900982
  },
  "C_10AA_n3": {
    "n_bases": 3,
    "n_sense": 61,
    "n_classes": 10,
    "D": {
      "sgc": 21.268639884706705,
      "null_mean": 30.916954241715853,
      "null_std": 0.65150797256347,
      "null_min": 27.399536878756727,
      "null_max": 33.69331003929122,
      "null_cv": 0.021072838141488033,
      "z_score": -14.809203821476196,
      "count_le": 0,
      "n_null": 1000000,
      "percentile": 9.99999000001e-07
    },
    "E": {
      "sgc": 2709.616421064112,
      "null_mean": 3933.7189151539806,
      "null_std": 91.66778824090964,
      "null_min": 3450.833923431452,
      "null_max": 4305.21392012474,
      "null_cv": 0.023303085507145705,
      "z_score": -13.353682003026384,
      "count_le": 0,
      "n_null": 1000000,
      "percentile": 9.99999000001e-07
    },
    "DE_correlation": 0.9583407034190251
  },
  "factorial_summary": {
    "arch_effect_D": -11.00533214036976,
    "alpha_effect_D": -1.751181685310673,
    "ratio_D": 6.28451761041421,
    "arch_effect_E": -10.028973484519705,
    "alpha_effect_E": -1.2508151170794957,
    "ratio_E": 8.017950333008578
  },
  "sensitivity": {
    "closest": {
      "n_bases": 3,
      "n_sense": 61,
      "n_classes": 10,
      "D": {
        "sgc": 21.268639884706705,
        "null_mean": 30.917680175835372,
        "null_std": 0.6523268219985655,
        "null_min": 27.7393311398498,
        "null_max": 33.62118074972017,
        "null_cv": 0.0210988281879056,
        "z_score": -14.79172703885827,
        "count_le": 0,
        "n_null": 99968,
        "percentile": 1.0003100961298003e-05
      },
      "E": {
        "sgc": 2709.616421064112,
        "null_mean": 3933.847019729001,
        "null_std": 91.78641251067089,
        "null_min": 3457.20088592046,
        "null_max": 4266.182654384135,
        "null_cv": 0.023332481423488084,
        "z_score": -13.337819456911044,
        "count_le": 0,
        "n_null": 99968,
        "percentile": 1.0003100961298003e-05
      },
      "DE_correlation": 0.9584227760394682
    },
    "farthest": {
      "n_bases": 3,
      "n_sense": 61,
      "n_classes": 10,
      "D": {
        "sgc": 21.515069999342554,
        "null_mean": 31.9951587660487,
        "null_std": 0.7170896561422573,
        "null_min": 28.76270450677116,
        "null_max": 34.81283565773727,
        "null_cv": 0.022412442500619464,
        "z_score": -14.61475378558116,
        "count_le": 0,
        "n_null": 99968,
        "percentile": 1.0003100961298003e-05
      },
      "E": {
        "sgc": 2796.379933248135,
        "null_mean": 4241.791438814539,
        "null_std": 109.6859851760862,
        "null_min": 3714.1644862324697,
        "null_max": 4636.610081770968,
        "null_cv": 0.025858410711192426,
        "z_score": -13.177722780590328,
        "count_le": 0,
        "n_null": 99968,
        "percentile": 1.0003100961298003e-05
      },
      "DE_correlation": 0.9653202997161864
    },
    "random": {
      "n_bases": 3,
      "n_sense": 61,
      "n_classes": 10,
      "D": {
        "sgc": 20.14257174497006,
        "null_mean": 29.618445671830774,
        "null_std": 0.627906146638967,
        "null_min": 26.72396879692608,
        "null_max": 31.874635489632915,
        "null_cv": 0.021199834508403997,
        "z_score": -15.091226575154304,
        "count_le": 0,
        "n_null": 99968,
        "percentile": 1.0003100961298003e-05
      },
      "E": {
        "sgc": 2444.4815788449823,
        "null_mean": 3636.654150727232,
        "null_std": 86.79160231751351,
        "null_min": 3228.9397482202016,
        "null_max": 3965.013226656949,
        "null_cv": 0.023865783965230113,
        "z_score": -13.736035976394035,
        "count_le": 0,
        "n_null": 99968,
        "percentile": 1.0003100961298003e-05
      },
      "DE_correlation": 0.954696553674351
    }
  },
  "sensitivity_summary": {
    "D_z_range": 0.476472789573144,
    "E_z_range": 0.5583131958037075,
    "D_z_values": {
      "closest": -14.79172703885827,
      "farthest": -14.61475378558116,
      "random": -15.091226575154304
    },
    "E_z_values": {
      "closest": -13.337819456911044,
      "farthest": -13.177722780590328,
      "random": -13.736035976394035
    }
  }
}