{
  "A": {
    "D": 18.937298834660997,
    "E": 621.9282515390424
  },
  "B": {
    "D": 23.922359743253224,
    "E": 2984.675406924604
  },
  "C": {
    "D": 21.268639884706705,
    "E": 2709.616421064112
  }
}